"id","user_id","title","due_on","status"
"8538","1217956","Deficio vix aegre solitudo demoror vociferor correptius attollo.","2023-04-28T00:00:00.000+05:30","pending"
"8536","1217953","Uredo virtus talio vulpes ciminatio.","2023-05-08T00:00:00.000+05:30","pending"
"8535","1217950","Cur cauda socius omnis corrumpo.","2023-05-21T00:00:00.000+05:30","completed"
"8530","1217937","Eum vulgivagus autem atavus theatrum.","2023-05-10T00:00:00.000+05:30","pending"
"8529","1217935","Verumtamen aggredior cum ait tantum.","2023-05-14T00:00:00.000+05:30","pending"
"8528","1217933","Perspiciatis cupio terra urbanus avoco tubineus nihil.","2023-05-12T00:00:00.000+05:30","pending"
"8527","1217932","Eos victoria commodo rerum bardus aut.","2023-05-11T00:00:00.000+05:30","completed"
"8526","1217931","Triumphus subito totam torrens ut vulticulus aeneus.","2023-05-07T00:00:00.000+05:30","pending"
"8525","1217930","Tactus libero cohors degusto amplus consuasor temptatio cohibeo contego.","2023-05-16T00:00:00.000+05:30","pending"
"8524","1217929","Voluptate ubi velit clam triumphus abduco culpo uterque abeo.","2023-04-30T00:00:00.000+05:30","pending"
